PRODUCT_ID,TITLE,DESCRIPTION,PRICE
55c0b5da-e951-4b76-b372-351dd45e5a91,Orange,This is Fruit,32
c6138138-a6d4-4409-addf-25c9ee4163d6,Orange,This is Fruit,32
5a134376-d281-44cc-88e7-69006c56205a,Orange,This is Fruit,32
617b54c6-79d1-4dff-93db-516cc802f2ed,Orange,This is Fruit,32
ec5f83f5-d622-4105-99a3-63d42713e3fe,Orange,This is Fruit,32
0ca8c27f-ec81-4837-8201-2f3b0f4a42aa,Orange,This is Fruit,32
3dc0cc72-c108-446e-8d51-51d66d323f44,Orange,This is Fruit,32
82bf2c53-3e29-4a56-81d2-ca5d72eea4ad,Orange,This is Fruit,32
1960702e-a198-4545-9589-037e06cbd2ff,Orange,This is Fruit,32
39f0f6e4-3af1-47f8-893b-9a8c6f97595a,Orange,This is Fruit,32
006d7825-cfb6-4cf4-8654-087ef1f8681a,Orange,This is Fruit,32
4a9ecb76-f586-4eec-9ff7-996d99b96877,Orange,This is Fruit,32
588cea38-8cf9-4cdc-bab9-d2ec1ccaccf4,Orange,This is Fruit,32
079b143a-457a-4626-b867-0ad159ff5b47,Orange,This is Fruit,32
9bd18afa-4607-4b24-9f4f-ffd932c596af,Orange,This is Fruit,32
8d8c3d06-7bb6-486a-b84f-1eb16558fc5b,Orange,This is Fruit,32
adab738e-0e26-40f3-9131-f7c33c151ef0,Orange,This is Fruit,32
0c7e4c2f-af29-40c5-a699-01a38f1f2e63,Orange,This is Fruit,32
21ac9f44-a2b6-45d4-b5e8-1795e1075cba,Orange,This is Fruit,32
f5759486-bb9c-478b-9c8a-60cd1f137a94,Orange,This is Fruit,32
609e17da-5c54-4374-a219-40ff5d9c89f3,Orange,This is Fruit,32
ec5cd26f-1923-4772-aad0-c7c1a476ba4c,Orange,This is Fruit,32
413fb383-6fe6-4d23-9a51-0b1550f67976,Orange,This is Fruit,32
0e2340fd-e804-459a-8980-55430c524945,Orange,This is Fruit,32
c7519776-1d7d-4a60-8766-27593a3d6f73,Orange,This is Fruit,32
fc3c5fd3-baa2-4c7a-b53b-61522bf53f5b,Orange,This is Fruit,32
d9d52792-0904-4c68-8d4f-b2648c31fedb,Orange,This is Fruit,32
c5a5f9c8-d1ed-46f5-b523-1478577c72d4,Orange,This is Fruit,32
cdc0f8f7-c6c4-4601-a479-7cd26baf71fb,Orange,This is Fruit,32
72177e24-a85d-4558-bb06-53821d204cc1,Orange,This is Fruit,32